{
	"info": {
		"_postman_id": "0a7ad55e-fc2c-4184-a7e2-15887e4f5ad9",
		"name": "Avaya QR Login App",
		"schema": "https://schema.getpostman.com/json/collection/v2.1.0/collection.json"
	},
	"item": [
		{
			"name": "http://127.0.0.1:8080/login?j100IP=10.37.122.206&port=80&username=admin&password=Avaya123!",
			"protocolProfileBehavior": {
				"disableBodyPruning": true
			},
			"request": {
				"method": "GET",
				"header": [],
				"body": {
					"mode": "urlencoded",
					"urlencoded": [
						{
							"key": "uname",
							"value": "admin",
							"type": "text"
						},
						{
							"key": "psw",
							"value": "ddd",
							"type": "text"
						}
					]
				},
				"url": {
					"raw": "http://127.0.0.1:8080/login?j100IP=10.37.122.206&port=80&username=admin&password=Avaya123!",
					"protocol": "http",
					"host": [
						"127",
						"0",
						"0",
						"1"
					],
					"port": "8080",
					"path": [
						"login"
					],
					"query": [
						{
							"key": "j100IP",
							"value": "10.37.122.206"
						},
						{
							"key": "port",
							"value": "80"
						},
						{
							"key": "username",
							"value": "admin"
						},
						{
							"key": "password",
							"value": "Avaya123!"
						}
					]
				}
			},
			"response": []
		},
		{
			"name": "http://127.0.0.1:8080/register?j100IP=192.168.102.91&port=80&username=admin&password=Avaya123!&sipLoginName=81801&sipLoginPassword=1357924680",
			"request": {
				"method": "GET",
				"header": [],
				"url": {
					"raw": "http://127.0.0.1:8080/register?j100IP=192.168.102.91&port=80&username=admin&password=Avaya123!&sipLoginName=81801&sipLoginPassword=1357924680",
					"protocol": "http",
					"host": [
						"127",
						"0",
						"0",
						"1"
					],
					"port": "8080",
					"path": [
						"register"
					],
					"query": [
						{
							"key": "j100IP",
							"value": "192.168.102.91"
						},
						{
							"key": "port",
							"value": "80"
						},
						{
							"key": "username",
							"value": "admin"
						},
						{
							"key": "password",
							"value": "Avaya123!"
						},
						{
							"key": "sipLoginName",
							"value": "81801"
						},
						{
							"key": "sipLoginPassword",
							"value": "1357924680"
						}
					]
				}
			},
			"response": []
		},
		{
			"name": "http://127.0.0.1:8080/unregister?j100IP=192.168.102.91&port=80&username=admin&password=Avaya123!&sipUserId=81803",
			"request": {
				"method": "GET",
				"header": [],
				"url": {
					"raw": "http://127.0.0.1:8080/unregister?j100IP=192.168.102.91&port=80&username=admin&password=Avaya123!&sipUserId=81803",
					"protocol": "http",
					"host": [
						"127",
						"0",
						"0",
						"1"
					],
					"port": "8080",
					"path": [
						"unregister"
					],
					"query": [
						{
							"key": "j100IP",
							"value": "192.168.102.91"
						},
						{
							"key": "port",
							"value": "80"
						},
						{
							"key": "username",
							"value": "admin"
						},
						{
							"key": "password",
							"value": "Avaya123!"
						},
						{
							"key": "sipUserId",
							"value": "81803"
						}
					]
				}
			},
			"response": []
		},
		{
			"name": "http://127.0.0.1:8080/register",
			"request": {
				"method": "POST",
				"header": [],
				"body": {
					"mode": "raw",
					"raw": "{\r\n    \"j100IP\":\"10.37.122.206\",\r\n\t\"port\":\"80\",\r\n\t\"username\":\"admin\",\r\n\t\"password\":\"Avaya123!\",\r\n\t\"sipLoginName\":\"420001\",\r\n\t\"sipLoginPassword\":\"123457\"\r\n}",
					"options": {
						"raw": {
							"language": "json"
						}
					}
				},
				"url": {
					"raw": "http://127.0.0.1:8080/register",
					"protocol": "http",
					"host": [
						"127",
						"0",
						"0",
						"1"
					],
					"port": "8080",
					"path": [
						"register"
					]
				}
			},
			"response": []
		},
		{
			"name": "http://127.0.0.1:8080/unregister",
			"request": {
				"method": "POST",
				"header": [],
				"body": {
					"mode": "raw",
					"raw": "{\r\n    \"j100IP\":\"10.37.122.206\",\r\n\t\"port\":\"80\",\r\n\t\"username\":\"admin\",\r\n\t\"password\":\"Avaya123!\",\r\n    \"sipUserId\":\"420001\"\r\n}",
					"options": {
						"raw": {
							"language": "json"
						}
					}
				},
				"url": {
					"raw": "http://127.0.0.1:8080/unregister",
					"protocol": "http",
					"host": [
						"127",
						"0",
						"0",
						"1"
					],
					"port": "8080",
					"path": [
						"unregister"
					]
				}
			},
			"response": []
		}
	]
}